ori,des,demand
1,58,14.0
2,136,4.0
2,1,38.0
2,3,39.0
2,4,38.0
2,5,5.0
2,6,124.0
2,23,83.0
2,25,38.0
2,29,38.0
2,41,36.0
2,46,5.0
2,54,40.0
2,57,41.0
2,58,18.0
2,59,40.0
2,66,37.0
2,71,5.0
2,80,36.0
2,83,79.0
2,137,37.0
2,87,37.0
2,95,170.0
2,96,39.0
2,99,5.0
2,100,210.0
2,101,2.0
2,139,38.0
2,102,38.0
2,107,44.0
2,108,95.0
2,110,94.0
2,128,37.0
2,134,38.0
2,135,39.0
3,5,38.0
3,23,37.0
3,29,10.0
3,51,40.0
3,79,37.0
3,137,37.0
3,92,37.0
3,96,39.0
3,97,40.0
3,100,39.0
3,139,39.0
3,110,95.0
3,134,38.0
3,135,84.0
4,2,6.0
4,3,85.0
4,7,46.0
4,11,53.0
4,24,43.0
4,54,47.0
4,58,14.0
4,71,6.0
4,73,45.0
4,137,43.0
4,84,42.0
4,94,45.0
4,97,46.0
4,101,13.0
4,102,85.0
4,109,51.0
5,6,38.0
5,80,37.0
5,101,39.0
5,121,36.0
6,136,45.0
6,2,45.0
6,29,45.0
6,37,44.0
6,49,6.0
6,91,42.0
6,93,90.0
6,94,46.0
6,95,11.0
6,96,46.0
6,97,46.0
6,101,13.0
6,139,45.0
6,102,45.0
6,103,6.0
6,105,6.0
6,110,51.0
6,141,46.0
6,134,44.0
7,136,46.0
7,6,6.0
7,29,44.0
7,48,46.0
7,57,94.0
7,58,24.0
7,97,46.0
7,101,12.0
7,135,46.0
8,2,39.0
8,95,38.0
8,97,40.0
8,102,5.0
9,136,6.0
9,1,7.0
9,8,9.0
9,25,27.0
9,29,9.0
9,58,3.0
9,59,8.0
9,95,7.0
9,97,9.0
9,98,8.0
9,99,9.0
9,101,8.0
9,110,20.0
10,136,4.0
10,1,6.0
10,2,13.0
10,3,12.0
10,4,10.0
10,5,14.0
10,6,12.0
10,7,18.0
10,8,50.0
10,9,23.0
10,11,51.0
10,12,9.0
10,13,8.0
10,14,9.0
10,16,7.0
10,17,8.0
10,18,17.0
10,22,6.0
10,23,13.0
10,24,37.0
10,25,31.0
10,26,19.0
10,28,6.0
10,29,32.0
10,30,25.0
10,34,7.0
10,37,6.0
10,38,5.0
10,44,6.0
10,46,17.0
10,48,11.0
10,53,12.0
10,54,6.0
10,57,11.0
10,58,32.0
10,61,4.0
10,64,7.0
10,66,6.0
10,75,6.0
10,76,7.0
10,81,5.0
10,83,38.0
10,84,6.0
10,88,6.0
10,92,7.0
10,93,11.0
10,94,11.0
10,95,13.0
10,96,17.0
10,97,24.0
10,98,12.0
10,99,18.0
10,100,61.0
10,101,27.0
10,139,7.0
10,103,14.0
10,105,7.0
10,109,13.0
10,110,49.0
10,112,7.0
10,113,14.0
10,116,14.0
10,124,7.0
10,129,13.0
10,135,45.0
11,136,6.0
11,1,19.0
11,2,6.0
11,3,5.0
11,4,12.0
11,5,7.0
11,6,12.0
11,7,8.0
11,8,13.0
11,10,25.0
11,13,9.0
11,15,8.0
11,17,7.0
11,18,9.0
11,24,6.0
11,26,17.0
11,28,7.0
11,29,5.0
11,30,12.0
11,34,13.0
11,47,5.0
11,54,6.0
11,57,6.0
11,58,9.0
11,66,6.0
11,68,6.0
11,71,5.0
11,79,5.0
11,80,12.0
11,81,6.0
11,82,6.0
11,83,5.0
11,85,7.0
11,86,13.0
11,89,7.0
11,94,6.0
11,95,17.0
11,96,5.0
11,97,6.0
11,99,12.0
11,100,30.0
11,101,31.0
11,139,5.0
11,104,7.0
11,108,14.0
11,110,7.0
11,116,7.0
11,128,5.0
11,130,13.0
11,135,12.0
12,136,27.0
12,1,34.0
12,2,33.0
12,3,13.0
12,4,6.0
12,5,5.0
12,6,6.0
12,7,3.0
12,8,6.0
12,9,8.0
12,10,17.0
12,11,16.0
12,16,5.0
12,17,9.0
12,21,7.0
12,29,5.0
12,30,28.0
12,43,6.0
12,47,5.0
12,54,6.0
12,57,6.0
12,58,21.0
12,80,6.0
12,137,7.0
12,95,20.0
12,97,13.0
12,98,6.0
12,99,6.0
12,100,13.0
12,101,2.0
12,108,6.0
12,112,7.0
12,113,15.0
12,132,7.0
12,135,13.0
13,136,12.0
13,1,32.0
13,2,13.0
13,3,7.0
13,4,12.0
13,5,25.0
13,6,19.0
13,7,25.0
13,8,38.0
13,9,11.0
13,10,9.0
13,11,17.0
13,14,9.0
13,15,8.0
13,17,8.0
13,18,9.0
13,22,6.0
13,23,6.0
13,24,5.0
13,25,13.0
13,26,32.0
13,28,7.0
13,29,5.0
13,30,33.0
13,34,6.0
13,37,7.0
13,49,5.0
13,51,19.0
13,54,5.0
13,57,6.0
13,58,38.0
13,62,5.0
13,69,7.0
13,80,19.0
13,83,7.0
13,137,5.0
13,84,27.0
13,85,13.0
13,93,4.0
13,94,13.0
13,95,18.0
13,96,5.0
13,97,19.0
13,99,11.0
13,100,37.0
13,101,25.0
13,103,6.0
13,104,7.0
13,105,6.0
13,110,6.0
13,113,7.0
13,146,7.0
13,134,26.0
13,135,19.0
14,1,19.0
14,2,23.0
14,3,7.0
14,4,5.0
14,6,11.0
14,7,9.0
14,9,8.0
14,12,9.0
14,13,9.0
14,15,7.0
14,17,9.0
14,18,8.0
14,21,5.0
14,23,6.0
14,24,5.0
14,29,6.0
14,30,19.0
14,37,6.0
14,47,5.0
14,48,11.0
14,51,11.0
14,53,7.0
14,54,6.0
14,57,6.0
14,58,19.0
14,80,6.0
14,81,7.0
14,137,6.0
14,84,6.0
14,96,6.0
14,98,11.0
14,99,11.0
14,100,18.0
14,101,15.0
14,139,5.0
14,103,7.0
14,104,7.0
14,105,6.0
14,107,7.0
14,110,7.0
14,111,7.0
14,113,7.0
14,126,7.0
14,135,12.0
15,136,37.0
15,1,26.0
15,2,11.0
15,3,16.0
15,4,9.0
15,5,27.0
15,6,10.0
15,7,16.0
15,8,27.0
15,9,29.0
15,10,29.0
15,11,36.0
15,13,29.0
15,16,22.0
15,17,29.0
15,18,7.0
15,20,14.0
15,21,4.0
15,22,5.0
15,23,4.0
15,24,17.0
15,25,32.0
15,26,55.0
15,27,11.0
15,28,16.0
15,29,38.0
15,30,6.0
15,31,5.0
15,32,11.0
15,34,17.0
15,42,11.0
15,43,4.0
15,46,9.0
15,51,5.0
15,53,10.0
15,54,5.0
15,57,15.0
15,58,32.0
15,60,5.0
15,69,10.0
15,71,5.0
15,73,5.0
15,76,5.0
15,79,16.0
15,80,10.0
15,82,6.0
15,83,4.0
15,137,27.0
15,84,4.0
15,85,6.0
15,88,5.0
15,89,10.0
15,90,5.0
15,91,5.0
15,93,13.0
15,94,16.0
15,95,21.0
15,96,16.0
15,97,15.0
15,98,21.0
15,99,25.0
15,100,37.0
15,101,35.0
15,139,11.0
15,102,5.0
15,103,24.0
15,108,30.0
15,110,59.0
15,112,6.0
15,113,6.0
15,120,6.0
15,124,5.0
15,130,6.0
15,131,5.0
15,134,6.0
15,135,32.0
16,136,5.0
16,1,43.0
16,2,7.0
16,3,12.0
16,4,5.0
16,5,18.0
16,6,17.0
16,7,13.0
16,8,12.0
16,9,24.0
16,10,65.0
16,11,49.0
16,13,8.0
16,15,16.0
16,17,16.0
16,18,138.0
16,19,5.0
16,20,9.0
16,22,5.0
16,23,5.0
16,24,37.0
16,25,11.0
16,26,44.0
16,28,12.0
16,29,30.0
16,30,6.0
16,31,6.0
16,32,7.0
16,34,19.0
16,42,6.0
16,46,5.0
16,48,6.0
16,51,6.0
16,53,6.0
16,54,6.0
16,57,6.0
16,58,48.0
16,59,12.0
16,63,6.0
16,73,6.0
16,75,7.0
16,76,6.0
16,79,5.0
16,83,19.0
16,137,19.0
16,85,5.0
16,86,7.0
16,89,6.0
16,93,10.0
16,94,11.0
16,95,17.0
16,96,12.0
16,97,42.0
16,98,11.0
16,99,18.0
16,100,36.0
16,101,22.0
16,103,6.0
16,104,21.0
16,107,7.0
16,108,20.0
16,109,6.0
16,110,28.0
16,111,13.0
16,113,7.0
16,114,6.0
16,116,7.0
16,117,7.0
16,119,7.0
16,120,7.0
16,122,12.0
16,125,10.0
16,131,6.0
16,132,12.0
16,135,37.0
17,136,48.0
17,1,83.0
17,2,27.0
17,3,63.0
17,4,20.0
17,5,27.0
17,6,27.0
17,7,39.0
17,8,35.0
17,9,5.0
17,10,46.0
17,11,35.0
17,13,54.0
17,14,9.0
17,15,5.0
17,16,27.0
17,18,82.0
17,19,6.0
17,20,28.0
17,21,6.0
17,22,6.0
17,23,5.0
17,24,20.0
17,25,21.0
17,26,54.0
17,27,27.0
17,28,7.0
17,29,53.0
17,30,7.0
17,34,15.0
17,35,6.0
17,37,7.0
17,44,14.0
17,46,5.0
17,48,19.0
17,50,6.0
17,51,20.0
17,53,6.0
17,54,6.0
17,57,13.0
17,58,35.0
17,65,20.0
17,66,13.0
17,70,6.0
17,71,12.0
17,79,6.0
17,80,35.0
17,82,6.0
17,83,47.0
17,137,21.0
17,86,6.0
17,88,7.0
17,92,14.0
17,93,5.0
17,94,20.0
17,95,25.0
17,96,20.0
17,97,72.0
17,98,13.0
17,99,13.0
17,100,6.0
17,101,43.0
17,103,15.0
17,104,22.0
17,106,15.0
17,107,15.0
17,108,8.0
17,109,59.0
17,110,45.0
17,113,46.0
17,115,7.0
17,116,7.0
17,122,6.0
17,125,6.0
17,131,6.0
17,133,7.0
17,134,41.0
17,135,27.0
18,136,11.0
18,1,36.0
18,2,17.0
18,3,12.0
18,5,28.0
18,6,11.0
18,7,12.0
18,8,12.0
18,9,6.0
18,10,16.0
18,11,15.0
18,16,7.0
18,17,31.0
18,21,5.0
18,24,11.0
18,25,17.0
18,26,17.0
18,28,6.0
18,29,4.0
18,30,6.0
18,32,6.0
18,33,4.0
18,34,6.0
18,35,5.0
18,37,6.0
18,46,16.0
18,51,11.0
18,52,5.0
18,54,11.0
18,58,9.0
18,71,5.0
18,79,5.0
18,80,4.0
18,137,6.0
18,85,4.0
18,88,6.0
18,95,16.0
18,97,17.0
18,98,5.0
18,100,28.0
18,101,19.0
18,139,11.0
18,106,5.0
18,109,13.0
18,110,4.0
18,113,6.0
18,132,4.0
18,134,6.0
18,135,23.0
19,136,7.0
19,4,5.0
19,5,12.0
19,8,6.0
19,12,9.0
19,16,7.0
19,18,9.0
19,20,17.0
19,26,5.0
19,30,6.0
19,34,6.0
19,37,6.0
19,58,9.0
19,61,4.0
19,68,6.0
19,137,6.0
19,95,12.0
19,96,7.0
19,98,5.0
19,100,6.0
19,101,9.0
19,139,5.0
19,102,6.0
19,103,6.0
19,110,6.0
19,116,7.0
20,136,13.0
20,1,14.0
20,2,14.0
20,3,22.0
20,5,8.0
20,6,6.0
20,7,12.0
20,8,8.0
20,10,19.0
20,11,29.0
20,12,10.0
20,15,9.0
20,16,9.0
20,17,6.0
20,18,38.0
20,24,6.0
20,26,8.0
20,28,8.0
20,29,13.0
20,30,22.0
20,48,7.0
20,58,14.0
20,80,21.0
20,137,22.0
20,97,14.0
20,98,7.0
20,99,8.0
20,100,13.0
20,102,8.0
20,103,8.0
20,110,15.0
20,122,14.0
20,135,7.0
21,3,6.0
21,8,6.0
21,23,12.0
21,25,21.0
21,26,7.0
21,29,7.0
21,57,5.0
21,58,11.0
21,79,6.0
21,89,6.0
21,94,6.0
21,97,7.0
21,100,7.0
21,101,8.0
21,127,5.0
21,134,7.0
22,136,6.0
22,1,9.0
22,4,8.0
22,9,13.0
22,21,19.0
22,24,9.0
22,25,10.0
22,27,10.0
22,32,9.0
22,43,7.0
22,58,13.0
22,79,8.0
22,99,9.0
22,101,4.0
22,104,10.0
23,1,14.0
23,3,14.0
23,5,15.0
23,7,15.0
23,10,11.0
23,21,8.0
23,22,6.0
23,25,9.0
23,26,55.0
23,32,7.0
23,34,8.0
23,37,22.0
23,39,7.0
23,41,8.0
23,43,8.0
23,44,7.0
23,45,8.0
23,46,14.0
23,58,17.0
23,73,9.0
23,79,7.0
23,80,7.0
23,83,9.0
23,137,8.0
23,84,7.0
23,89,6.0
23,94,15.0
23,97,8.0
23,100,23.0
23,101,4.0
23,139,7.0
23,135,14.0
24,136,13.0
24,1,13.0
24,2,6.0
24,3,33.0
24,5,20.0
24,6,12.0
24,7,9.0
24,8,39.0
24,10,10.0
24,11,37.0
24,13,10.0
24,14,9.0
24,15,18.0
24,16,9.0
24,17,9.0
24,18,28.0
24,21,7.0
24,23,5.0
24,25,51.0
24,26,29.0
24,27,7.0
24,28,7.0
24,29,51.0
24,30,22.0
24,34,20.0
24,35,6.0
24,41,19.0
24,43,5.0
24,44,7.0
24,45,6.0
24,46,5.0
24,47,6.0
24,51,21.0
24,54,6.0
24,57,21.0
24,58,35.0
24,61,4.0
24,70,7.0
24,71,7.0
24,80,5.0
24,81,7.0
24,82,14.0
24,137,14.0
24,84,7.0
24,94,35.0
24,95,12.0
24,96,13.0
24,97,28.0
24,98,14.0
24,99,14.0
24,100,28.0
24,101,18.0
24,139,7.0
24,103,6.0
24,104,7.0
24,108,14.0
24,109,8.0
24,110,28.0
24,141,7.0
24,135,54.0
25,23,4.0
25,26,4.0
25,30,6.0
25,32,6.0
25,33,4.0
25,43,5.0
25,44,6.0
25,58,7.0
25,71,5.0
25,137,5.0
25,97,6.0
25,99,4.0
25,100,6.0
25,107,6.0
25,142,5.0
26,9,12.0
26,31,16.0
26,34,8.0
26,47,7.0
26,58,3.0
26,137,7.0
26,101,6.0
26,134,9.0
27,136,4.0
27,1,7.0
27,11,9.0
27,21,7.0
27,25,16.0
27,34,6.0
27,51,7.0
27,58,2.0
27,80,7.0
27,83,7.0
27,95,7.0
27,98,7.0
27,110,8.0
27,113,7.0
27,124,7.0
27,135,6.0
28,10,10.0
28,61,5.0
28,110,7.0
29,5,7.0
29,7,6.0
29,26,5.0
29,34,7.0
29,51,7.0
29,63,7.0
30,136,17.0
30,1,42.0
30,2,55.0
30,3,29.0
30,4,12.0
30,5,30.0
30,6,11.0
30,7,6.0
30,8,36.0
30,10,8.0
30,11,8.0
30,13,7.0
30,16,7.0
30,17,25.0
30,20,18.0
30,21,6.0
30,23,14.0
30,24,45.0
30,25,12.0
30,26,156.0
30,27,19.0
30,28,60.0
30,29,286.0
30,32,11.0
30,34,17.0
30,37,17.0
30,43,11.0
30,46,4.0
30,48,6.0
30,49,4.0
30,51,25.0
30,54,18.0
30,57,30.0
30,58,84.0
30,64,6.0
30,71,5.0
30,75,6.0
30,79,6.0
30,80,13.0
30,81,5.0
30,82,6.0
30,83,11.0
30,137,19.0
30,90,5.0
30,93,5.0
30,94,5.0
30,95,31.0
30,96,12.0
30,97,32.0
30,98,18.0
30,99,6.0
30,100,26.0
30,101,43.0
30,139,11.0
30,102,5.0
30,103,25.0
30,108,20.0
30,110,32.0
30,111,6.0
30,113,32.0
30,115,6.0
30,116,6.0
30,120,6.0
30,125,5.0
30,128,5.0
30,134,6.0
30,135,47.0
31,7,5.0
31,8,4.0
31,21,6.0
31,26,6.0
31,29,12.0
31,46,4.0
31,57,6.0
31,83,6.0
31,100,6.0
31,101,4.0
31,110,6.0
31,134,5.0
31,135,6.0
32,136,15.0
32,1,7.0
32,3,15.0
32,5,14.0
32,6,6.0
32,7,1.0
32,8,22.0
32,11,11.0
32,21,15.0
32,22,14.0
32,26,57.0
32,29,29.0
32,30,15.0
32,34,15.0
32,35,8.0
32,42,7.0
32,43,7.0
32,44,8.0
32,46,13.0
32,47,7.0
32,48,7.0
32,51,34.0
32,54,6.0
32,58,23.0
32,73,7.0
32,80,15.0
32,86,7.0
32,90,8.0
32,94,7.0
32,95,7.0
32,97,14.0
32,100,36.0
32,101,15.0
32,139,13.0
32,102,15.0
32,103,6.0
32,104,7.0
32,109,7.0
32,110,16.0
32,113,9.0
32,123,7.0
32,125,5.0
33,1,6.0
33,2,20.0
33,3,7.0
33,5,7.0
33,7,2.0
33,8,8.0
33,17,10.0
33,22,12.0
33,24,7.0
33,26,7.0
33,29,14.0
33,30,7.0
33,32,7.0
33,34,14.0
33,46,7.0
33,50,7.0
33,51,7.0
33,54,13.0
33,57,6.0
33,58,41.0
33,59,7.0
33,80,13.0
33,83,7.0
33,137,6.0
33,84,14.0
33,89,7.0
33,95,7.0
33,97,13.0
33,99,8.0
33,100,13.0
33,101,6.0
33,102,6.0
33,104,7.0
33,135,6.0
34,136,5.0
34,3,5.0
34,6,6.0
34,8,6.0
34,10,9.0
34,18,9.0
34,22,18.0
34,24,7.0
34,25,5.0
34,27,6.0
34,30,5.0
34,32,18.0
34,46,5.0
34,51,6.0
34,58,15.0
34,85,53.0
34,97,7.0
34,99,5.0
34,100,6.0
34,101,2.0
34,139,5.0
34,121,4.0
35,136,6.0
35,1,19.0
35,2,12.0
35,3,19.0
35,5,19.0
35,6,12.0
35,7,9.0
35,8,5.0
35,10,9.0
35,15,8.0
35,22,13.0
35,23,6.0
35,24,5.0
35,26,18.0
35,29,24.0
35,30,12.0
35,32,6.0
35,34,25.0
35,37,6.0
35,47,6.0
35,49,5.0
35,51,24.0
35,56,6.0
35,57,13.0
35,58,35.0
35,60,5.0
35,61,4.0
35,69,5.0
35,75,7.0
35,79,5.0
35,81,5.0
35,83,6.0
35,84,5.0
35,85,5.0
35,90,6.0
35,93,6.0
35,94,6.0
35,95,6.0
35,97,6.0
35,98,12.0
35,99,7.0
35,100,37.0
35,101,16.0
35,139,12.0
35,102,12.0
35,108,7.0
35,110,28.0
35,129,7.0
35,135,25.0
36,3,5.0
36,5,4.0
36,7,5.0
36,21,5.0
36,25,5.0
36,58,5.0
36,83,5.0
36,84,5.0
36,94,5.0
36,95,4.0
36,97,10.0
36,100,6.0
36,105,4.0
36,110,6.0
36,113,6.0
37,136,19.0
37,1,79.0
37,2,53.0
37,3,67.0
37,4,14.0
37,5,14.0
37,6,5.0
37,7,46.0
37,8,33.0
37,10,38.0
37,11,28.0
37,12,9.0
37,13,9.0
37,15,9.0
37,18,9.0
37,21,34.0
37,22,5.0
37,23,34.0
37,24,19.0
37,25,54.0
37,26,86.0
37,27,6.0
37,28,14.0
37,29,34.0
37,30,34.0
37,32,34.0
37,34,101.0
37,35,20.0
37,38,6.0
37,40,7.0
37,41,6.0
37,43,19.0
37,44,20.0
37,46,12.0
37,48,19.0
37,50,7.0
37,51,52.0
37,53,12.0
37,54,58.0
37,57,44.0
37,58,136.0
37,60,13.0
37,61,14.0
37,65,6.0
37,68,6.0
37,71,6.0
37,73,5.0
37,79,25.0
37,80,27.0
37,81,25.0
37,83,54.0
37,137,21.0
37,84,6.0
37,85,13.0
37,88,6.0
37,89,13.0
37,92,5.0
37,93,12.0
37,94,14.0
37,95,45.0
37,96,5.0
37,97,34.0
37,98,20.0
37,99,12.0
37,100,86.0
37,101,14.0
37,103,14.0
37,104,7.0
37,105,15.0
37,109,6.0
37,110,29.0
37,113,7.0
37,122,13.0
37,124,7.0
37,125,11.0
37,135,53.0
38,136,14.0
38,1,26.0
38,2,15.0
38,3,7.0
38,4,9.0
38,5,14.0
38,6,4.0
38,7,9.0
38,8,15.0
38,10,8.0
38,22,9.0
38,23,4.0
38,25,4.0
38,26,10.0
38,28,5.0
38,29,19.0
38,34,10.0
38,37,5.0
38,39,5.0
38,40,5.0
38,41,4.0
38,43,5.0
38,44,4.0
38,46,4.0
38,48,9.0
38,51,5.0
38,54,34.0
38,57,9.0
38,58,14.0
38,61,4.0
38,64,5.0
38,66,4.0
38,69,4.0
38,79,5.0
38,80,5.0
38,81,5.0
38,82,5.0
38,83,10.0
38,137,8.0
38,85,5.0
38,86,5.0
38,93,4.0
38,95,5.0
38,97,6.0
38,100,29.0
38,139,8.0
38,104,6.0
38,106,5.0
38,108,5.0
38,110,6.0
38,113,11.0
38,125,8.0
38,127,3.0
38,135,14.0
39,136,10.0
39,1,11.0
39,2,12.0
39,3,16.0
39,4,9.0
39,5,9.0
39,6,4.0
39,21,5.0
39,22,5.0
39,23,10.0
39,24,6.0
39,26,16.0
39,27,5.0
39,29,22.0
39,30,4.0
39,32,4.0
39,34,12.0
39,35,5.0
39,37,34.0
39,38,6.0
39,42,5.0
39,43,5.0
39,44,5.0
39,47,5.0
39,48,11.0
39,51,16.0
39,53,11.0
39,54,12.0
39,57,4.0
39,58,17.0
39,61,3.0
39,64,5.0
39,71,5.0
39,73,5.0
39,80,5.0
39,82,5.0
39,83,6.0
39,137,5.0
39,89,5.0
39,95,11.0
39,97,5.0
39,100,34.0
39,101,13.0
39,105,5.0
39,110,6.0
39,111,6.0
39,122,4.0
39,131,5.0
39,132,5.0
39,135,12.0
40,136,9.0
40,1,5.0
40,2,5.0
40,3,13.0
40,4,6.0
40,5,13.0
40,6,11.0
40,8,7.0
40,21,7.0
40,23,5.0
40,25,6.0
40,26,24.0
40,28,6.0
40,29,5.0
40,32,7.0
40,34,12.0
40,37,7.0
40,41,5.0
40,43,5.0
40,46,5.0
40,47,5.0
40,48,6.0
40,54,12.0
40,57,13.0
40,58,13.0
40,80,18.0
40,83,13.0
40,137,17.0
40,86,18.0
40,94,7.0
40,97,6.0
40,98,6.0
40,99,7.0
40,100,17.0
40,101,10.0
40,139,17.0
40,103,5.0
40,146,6.0
41,136,31.0
41,1,31.0
41,2,10.0
41,3,16.0
41,4,10.0
41,5,37.0
41,6,4.0
41,7,30.0
41,8,10.0
41,13,4.0
41,18,7.0
41,21,11.0
41,23,4.0
41,24,5.0
41,25,5.0
41,26,21.0
41,29,4.0
41,30,27.0
41,34,11.0
41,36,3.0
41,37,11.0
41,38,4.0
41,40,5.0
41,43,10.0
41,45,5.0
41,46,9.0
41,47,4.0
41,48,15.0
41,51,16.0
41,53,5.0
41,54,25.0
41,57,10.0
41,58,41.0
41,60,4.0
41,61,9.0
41,62,5.0
41,64,5.0
41,65,4.0
41,66,15.0
41,67,5.0
41,71,4.0
41,73,6.0
41,75,4.0
41,79,5.0
41,80,6.0
41,81,4.0
41,82,5.0
41,83,10.0
41,137,10.0
41,91,4.0
41,92,4.0
41,93,3.0
41,94,6.0
41,95,5.0
41,96,16.0
41,97,15.0
41,98,6.0
41,100,21.0
41,101,20.0
41,139,14.0
41,104,6.0
41,105,6.0
41,106,4.0
41,107,6.0
41,108,12.0
41,110,6.0
41,134,5.0
41,135,11.0
42,136,18.0
42,1,5.0
42,2,13.0
42,3,13.0
42,5,6.0
42,6,5.0
42,10,9.0
42,11,27.0
42,13,8.0
42,16,9.0
42,21,13.0
42,24,11.0
42,26,26.0
42,27,6.0
42,29,6.0
42,32,18.0
42,34,13.0
42,37,6.0
42,39,7.0
42,40,6.0
42,41,5.0
42,44,13.0
42,46,9.0
42,47,17.0
42,48,5.0
42,49,5.0
42,51,13.0
42,54,24.0
42,57,19.0
42,58,16.0
42,60,6.0
42,61,3.0
42,65,6.0
42,66,5.0
42,81,5.0
42,83,26.0
42,137,18.0
42,89,13.0
42,91,6.0
42,95,36.0
42,96,6.0
42,97,5.0
42,100,31.0
42,101,8.0
42,139,18.0
42,104,7.0
42,106,7.0
42,107,6.0
42,109,6.0
42,110,7.0
42,115,7.0
42,125,5.0
42,135,30.0
43,136,47.0
43,1,23.0
43,2,30.0
43,3,40.0
43,4,12.0
43,5,22.0
43,6,22.0
43,7,34.0
43,8,7.0
43,11,9.0
43,16,9.0
43,20,9.0
43,21,24.0
43,22,10.0
43,23,11.0
43,24,11.0
43,25,18.0
43,26,57.0
43,29,6.0
43,30,12.0
43,34,23.0
43,35,6.0
43,37,12.0
43,38,5.0
43,40,7.0
43,41,10.0
43,42,6.0
43,44,23.0
43,46,16.0
43,48,10.0
43,49,5.0
43,51,29.0
43,53,21.0
43,54,51.0
43,56,6.0
43,57,12.0
43,58,93.0
43,62,6.0
43,63,6.0
43,64,6.0
43,71,5.0
43,80,17.0
43,81,12.0
43,83,29.0
43,137,24.0
43,85,6.0
43,86,18.0
43,89,11.0
43,90,7.0
43,91,5.0
43,93,5.0
43,94,12.0
43,95,10.0
43,97,7.0
43,98,6.0
43,100,23.0
43,101,17.0
43,139,5.0
43,102,6.0
43,105,13.0
43,110,7.0
43,113,7.0
43,146,7.0
43,125,4.0
43,129,12.0
43,134,6.0
43,135,18.0
44,136,22.0
44,1,10.0
44,2,37.0
44,3,43.0
44,4,10.0
44,5,17.0
44,6,4.0
44,7,3.0
44,8,11.0
44,9,14.0
44,10,8.0
44,11,7.0
44,20,8.0
44,21,5.0
44,22,10.0
44,23,11.0
44,24,26.0
44,25,11.0
44,26,33.0
44,29,22.0
44,30,5.0
44,32,11.0
44,34,10.0
44,37,28.0
44,38,5.0
44,39,5.0
44,42,11.0
44,43,4.0
44,46,4.0
44,48,4.0
44,51,5.0
44,54,10.0
44,57,11.0
44,58,40.0
44,59,5.0
44,61,3.0
44,62,5.0
44,66,10.0
44,71,4.0
44,73,5.0
44,76,5.0
44,80,22.0
44,81,10.0
44,83,16.0
44,137,10.0
44,84,5.0
44,88,10.0
44,92,6.0
44,93,8.0
44,95,42.0
44,96,4.0
44,98,6.0
44,100,22.0
44,101,13.0
44,139,6.0
44,103,6.0
44,104,5.0
44,109,18.0
44,110,6.0
44,121,4.0
44,125,4.0
44,135,28.0
45,136,14.0
45,1,16.0
45,2,12.0
45,3,16.0
45,4,12.0
45,5,16.0
45,6,12.0
45,21,16.0
45,26,15.0
45,32,30.0
45,33,15.0
45,34,16.0
45,36,14.0
45,37,16.0
45,40,16.0
45,46,14.0
45,57,45.0
45,69,16.0
45,72,15.0
45,80,15.0
45,83,13.0
45,95,12.0
45,100,15.0
45,101,16.0
45,103,17.0
45,108,17.0
45,109,17.0
45,135,16.0
46,136,20.0
46,1,51.0
46,2,52.0
46,3,73.0
46,4,30.0
46,5,20.0
46,6,9.0
46,7,20.0
46,8,21.0
46,9,21.0
46,10,10.0
46,12,11.0
46,15,10.0
46,17,10.0
46,23,17.0
46,24,7.0
46,26,7.0
46,30,7.0
46,34,9.0
46,35,9.0
46,41,8.0
46,47,8.0
46,49,14.0
46,51,16.0
46,53,8.0
46,54,41.0
46,57,49.0
46,58,129.0
46,62,7.0
46,66,8.0
46,70,9.0
46,71,25.0
46,72,6.0
46,75,18.0
46,76,8.0
46,79,36.0
46,80,7.0
46,81,18.0
46,83,28.0
46,137,36.0
46,84,18.0
46,85,18.0
46,95,8.0
46,96,17.0
46,97,27.0
46,98,44.0
46,99,16.0
46,100,62.0
46,101,81.0
46,139,17.0
46,104,31.0
46,108,11.0
46,110,21.0
46,116,11.0
46,120,10.0
46,129,28.0
46,132,7.0
46,135,19.0
47,1,8.0
47,3,16.0
47,4,15.0
47,5,7.0
47,6,5.0
47,7,7.0
47,9,8.0
47,26,7.0
47,30,13.0
47,32,7.0
47,46,12.0
47,48,6.0
47,54,6.0
47,57,12.0
47,58,11.0
47,66,6.0
47,69,7.0
47,71,5.0
47,79,6.0
47,83,7.0
47,86,6.0
47,94,34.0
47,95,12.0
47,96,6.0
47,98,7.0
47,100,13.0
47,101,12.0
47,139,12.0
47,102,7.0
47,104,7.0
47,135,7.0
48,136,8.0
48,1,9.0
48,2,6.0
48,3,5.0
48,6,6.0
48,26,8.0
48,29,14.0
48,49,10.0
48,51,7.0
48,54,13.0
48,57,8.0
48,58,37.0
48,60,6.0
48,66,6.0
48,71,7.0
48,72,7.0
48,78,7.0
48,79,8.0
48,80,8.0
48,81,6.0
48,83,6.0
48,85,8.0
48,87,8.0
48,95,6.0
48,98,8.0
48,99,8.0
48,100,14.0
48,101,7.0
48,103,9.0
48,104,6.0
48,109,8.0
48,110,10.0
48,142,8.0
49,136,29.0
49,1,6.0
49,2,14.0
49,3,34.0
49,4,35.0
49,5,19.0
49,7,15.0
49,10,7.0
49,18,6.0
49,30,12.0
49,31,23.0
49,32,5.0
49,37,5.0
49,38,4.0
49,43,12.0
49,46,10.0
49,51,11.0
49,52,5.0
49,53,6.0
49,57,11.0
49,58,37.0
49,62,5.0
49,66,12.0
49,69,6.0
49,70,5.0
49,80,26.0
49,81,12.0
49,82,6.0
49,83,12.0
49,137,5.0
49,86,6.0
49,93,3.0
49,94,6.0
49,95,4.0
49,97,11.0
49,100,48.0
49,101,11.0
49,107,7.0
49,108,6.0
49,110,14.0
49,113,7.0
49,116,7.0
49,146,12.0
49,123,5.0
49,135,28.0
50,136,16.0
50,1,15.0
50,2,7.0
50,3,38.0
50,7,11.0
50,8,15.0
50,23,6.0
50,26,13.0
50,31,7.0
50,32,7.0
50,33,6.0
50,34,6.0
50,48,5.0
50,51,47.0
50,54,6.0
50,57,17.0
50,58,35.0
50,66,19.0
50,76,7.0
50,79,7.0
50,80,7.0
50,81,6.0
50,83,26.0
50,137,14.0
50,86,7.0
50,94,13.0
50,97,13.0
50,100,32.0
50,101,37.0
50,139,6.0
50,103,8.0
50,104,7.0
50,105,8.0
50,110,8.0
50,120,8.0
50,129,7.0
50,135,5.0
51,136,7.0
51,1,22.0
51,2,21.0
51,3,38.0
51,4,7.0
51,5,22.0
51,8,8.0
51,10,8.0
51,13,16.0
51,18,15.0
51,21,6.0
51,26,37.0
51,28,7.0
51,29,13.0
51,30,6.0
51,32,5.0
51,34,13.0
51,46,12.0
51,48,5.0
51,49,4.0
51,53,6.0
51,54,53.0
51,57,34.0
51,58,50.0
51,61,5.0
51,63,6.0
51,66,12.0
51,67,7.0
51,73,13.0
51,80,13.0
51,83,14.0
51,137,33.0
51,85,7.0
51,87,14.0
51,89,7.0
51,93,5.0
51,94,13.0
51,95,6.0
51,96,7.0
51,97,18.0
51,98,13.0
51,99,12.0
51,100,57.0
51,101,37.0
51,139,6.0
51,104,15.0
51,105,23.0
51,109,7.0
51,110,23.0
51,113,8.0
51,135,22.0
52,1,8.0
52,3,15.0
52,5,7.0
52,34,7.0
52,54,6.0
52,58,20.0
52,62,7.0
52,83,5.0
52,84,6.0
52,85,13.0
52,95,6.0
52,100,25.0
52,101,13.0
53,136,35.0
53,1,20.0
53,2,5.0
53,3,7.0
53,4,34.0
53,5,21.0
53,6,5.0
53,7,8.0
53,9,7.0
53,21,12.0
53,22,10.0
53,23,5.0
53,25,6.0
53,29,4.0
53,30,5.0
53,34,12.0
53,37,6.0
53,46,10.0
53,50,5.0
53,51,27.0
53,54,17.0
53,57,16.0
53,58,45.0
53,62,4.0
53,66,4.0
53,79,5.0
53,80,5.0
53,137,23.0
53,84,11.0
53,86,6.0
53,90,5.0
53,94,12.0
53,95,11.0
53,97,5.0
53,100,12.0
53,101,21.0
53,139,5.0
53,124,6.0
53,135,28.0
54,136,13.0
54,1,6.0
54,2,7.0
54,3,21.0
54,4,6.0
54,5,7.0
54,6,5.0
54,8,7.0
54,24,5.0
54,25,5.0
54,26,11.0
54,28,6.0
54,38,5.0
54,47,5.0
54,48,5.0
54,51,12.0
54,52,5.0
54,53,5.0
54,56,5.0
54,57,16.0
54,58,28.0
54,60,11.0
54,61,3.0
54,65,11.0
54,69,5.0
54,73,6.0
54,80,6.0
54,137,4.0
54,85,11.0
54,86,6.0
54,89,6.0
54,92,6.0
54,93,4.0
54,94,5.0
54,95,12.0
54,97,17.0
54,98,6.0
54,100,17.0
54,101,26.0
54,139,4.0
54,110,7.0
54,135,21.0
55,2,6.0
55,17,7.0
55,51,13.0
55,57,5.0
55,58,11.0
55,59,6.0
55,137,6.0
55,95,7.0
55,100,6.0
55,139,5.0
56,136,7.0
56,1,14.0
56,2,9.0
56,4,7.0
56,5,15.0
56,7,3.0
56,21,6.0
56,23,7.0
56,37,6.0
56,40,7.0
56,46,5.0
56,48,6.0
56,51,11.0
56,53,6.0
56,54,18.0
56,57,21.0
56,58,25.0
56,69,5.0
56,76,7.0
56,82,7.0
56,83,7.0
56,84,7.0
56,97,7.0
56,99,5.0
56,100,19.0
56,101,12.0
56,139,7.0
56,135,22.0
57,1,7.0
57,2,17.0
57,3,7.0
57,4,7.0
57,5,7.0
57,6,23.0
57,7,11.0
57,8,7.0
57,9,8.0
57,16,8.0
57,17,7.0
57,24,14.0
57,26,14.0
57,30,7.0
57,32,6.0
57,35,7.0
57,46,5.0
57,48,13.0
57,51,20.0
57,53,5.0
57,54,84.0
57,56,6.0
57,58,54.0
57,59,6.0
57,60,5.0
57,62,6.0
57,64,6.0
57,66,7.0
57,68,6.0
57,76,21.0
57,79,15.0
57,80,21.0
57,83,15.0
57,137,7.0
57,95,13.0
57,97,14.0
57,100,29.0
57,101,4.0
57,139,6.0
57,108,8.0
57,110,7.0
57,126,7.0
57,135,32.0
58,136,8.0
58,2,17.0
58,3,26.0
58,4,25.0
58,5,9.0
58,6,8.0
58,7,9.0
58,8,17.0
58,23,7.0
58,24,6.0
58,25,15.0
58,26,7.0
58,29,15.0
58,34,8.0
58,46,5.0
58,51,7.0
58,52,7.0
58,53,7.0
58,56,14.0
58,57,13.0
58,66,21.0
58,69,7.0
58,80,8.0
58,81,7.0
58,82,15.0
58,83,8.0
58,85,7.0
58,86,8.0
58,88,8.0
58,95,8.0
58,97,7.0
58,98,7.0
58,100,8.0
58,101,3.0
58,110,18.0
58,127,5.0
59,1,10.0
60,137,8.0
61,136,70.0
61,1,71.0
61,2,14.0
61,3,51.0
61,4,56.0
61,5,50.0
61,6,6.0
61,7,42.0
61,8,43.0
61,10,8.0
61,15,6.0
61,16,7.0
61,20,8.0
61,21,7.0
61,22,11.0
61,26,24.0
61,29,6.0
61,30,18.0
61,32,12.0
61,34,12.0
61,37,19.0
61,43,5.0
61,46,17.0
61,47,5.0
61,48,11.0
61,51,62.0
61,53,10.0
61,54,96.0
61,57,84.0
61,58,195.0
61,60,6.0
61,62,6.0
61,65,6.0
61,66,5.0
61,69,12.0
61,70,13.0
61,71,17.0
61,73,31.0
61,75,7.0
61,76,6.0
61,78,12.0
61,79,6.0
61,80,25.0
61,82,7.0
61,83,31.0
61,137,19.0
61,84,6.0
61,85,7.0
61,88,7.0
61,89,11.0
61,90,6.0
61,91,7.0
61,94,12.0
61,95,48.0
61,96,5.0
61,97,5.0
61,98,7.0
61,99,6.0
61,100,61.0
61,101,25.0
61,139,6.0
61,103,8.0
61,105,7.0
61,109,7.0
61,110,15.0
61,146,12.0
61,124,13.0
61,127,17.0
61,128,7.0
61,132,6.0
61,134,6.0
61,135,14.0
62,136,6.0
62,1,6.0
62,2,14.0
62,4,5.0
62,6,6.0
62,7,5.0
62,8,7.0
62,9,6.0
62,10,14.0
62,15,5.0
62,16,7.0
62,17,5.0
62,24,6.0
62,26,5.0
62,29,5.0
62,37,6.0
62,44,5.0
62,48,4.0
62,51,11.0
62,54,22.0
62,57,22.0
62,58,45.0
62,59,5.0
62,61,4.0
62,70,6.0
62,71,4.0
62,79,5.0
62,80,6.0
62,81,6.0
62,137,18.0
62,84,6.0
62,88,5.0
62,89,5.0
62,100,30.0
62,101,5.0
62,125,4.0
63,7,1.0
63,18,16.0
63,54,12.0
63,58,22.0
63,67,14.0
63,101,2.0
64,136,14.0
64,1,6.0
64,2,28.0
64,3,6.0
64,5,6.0
64,7,5.0
64,15,6.0
64,21,5.0
64,22,5.0
64,23,4.0
64,25,6.0
64,26,23.0
64,37,6.0
64,40,5.0
64,41,5.0
64,42,5.0
64,45,6.0
64,46,10.0
64,51,5.0
64,54,11.0
64,56,5.0
64,57,50.0
64,58,61.0
64,61,3.0
64,63,5.0
64,66,4.0
64,71,11.0
64,76,6.0
64,79,6.0
64,80,5.0
64,82,4.0
64,83,6.0
64,95,6.0
64,97,5.0
64,100,18.0
64,139,5.0
64,108,6.0
64,125,3.0
64,135,14.0
65,136,29.0
65,1,6.0
65,2,16.0
65,3,23.0
65,4,10.0
65,5,16.0
65,6,5.0
65,7,5.0
65,15,7.0
65,21,6.0
65,23,5.0
65,30,5.0
65,35,6.0
65,41,6.0
65,51,6.0
65,53,11.0
65,54,6.0
65,57,5.0
65,58,23.0
65,68,6.0
65,72,4.0
65,76,6.0
65,81,11.0
65,83,17.0
65,137,5.0
65,85,6.0
65,88,6.0
65,89,5.0
65,91,5.0
65,95,11.0
65,97,23.0
65,98,6.0
65,100,36.0
65,101,20.0
65,102,10.0
65,103,6.0
65,107,8.0
65,110,7.0
65,146,7.0
65,135,5.0
66,136,14.0
66,1,31.0
66,2,6.0
66,3,6.0
66,4,15.0
66,6,6.0
66,7,7.0
66,8,15.0
66,9,18.0
66,19,7.0
66,22,15.0
66,24,7.0
66,26,22.0
66,27,7.0
66,29,7.0
66,35,16.0
66,37,14.0
66,42,7.0
66,47,6.0
66,48,16.0
66,51,30.0
66,53,7.0
66,54,22.0
66,57,14.0
66,58,31.0
66,61,5.0
66,68,8.0
66,69,7.0
66,70,7.0
66,71,7.0
66,72,6.0
66,73,16.0
66,79,15.0
66,81,7.0
66,82,8.0
66,83,36.0
66,137,16.0
66,84,6.0
66,86,7.0
66,88,7.0
66,89,7.0
66,91,6.0
66,92,7.0
66,94,7.0
66,95,22.0
66,96,16.0
66,97,31.0
66,98,23.0
66,99,16.0
66,100,78.0
66,101,20.0
66,139,30.0
66,102,22.0
66,107,9.0
66,109,6.0
66,110,37.0
66,117,8.0
66,122,6.0
66,129,7.0
66,134,7.0
66,135,15.0
67,1,16.0
67,2,14.0
67,3,7.0
67,4,15.0
67,5,32.0
67,6,7.0
67,7,14.0
67,8,8.0
67,29,8.0
67,46,7.0
67,51,24.0
67,54,15.0
67,57,8.0
67,58,20.0
67,75,9.0
67,80,14.0
67,81,7.0
67,83,14.0
67,137,24.0
67,89,14.0
67,95,24.0
67,97,23.0
67,100,48.0
67,101,15.0
67,103,9.0
67,104,10.0
67,112,9.0
67,134,8.0
67,135,23.0
68,136,22.0
68,1,15.0
68,2,4.0
68,3,54.0
68,4,4.0
68,5,16.0
68,6,5.0
68,7,16.0
68,8,11.0
68,10,6.0
68,15,5.0
68,21,5.0
68,23,10.0
68,25,4.0
68,26,5.0
68,28,5.0
68,30,17.0
68,32,11.0
68,34,5.0
68,37,5.0
68,38,5.0
68,41,4.0
68,46,11.0
68,47,10.0
68,49,4.0
68,50,5.0
68,51,11.0
68,54,16.0
68,58,36.0
68,61,9.0
68,66,4.0
68,73,5.0
68,75,4.0
68,79,5.0
68,80,22.0
68,81,5.0
68,82,4.0
68,83,11.0
68,84,5.0
68,85,10.0
68,92,5.0
68,93,3.0
68,94,11.0
68,95,45.0
68,96,11.0
68,97,5.0
68,98,6.0
68,100,34.0
68,101,13.0
68,139,17.0
68,103,12.0
68,110,6.0
68,113,7.0
68,146,5.0
68,134,11.0
68,135,10.0
69,136,28.0
69,1,55.0
69,2,17.0
69,3,55.0
69,5,34.0
69,6,10.0
69,7,10.0
69,8,11.0
69,13,7.0
69,14,7.0
69,25,11.0
69,26,5.0
69,30,11.0
69,33,6.0
69,37,6.0
69,47,5.0
69,48,6.0
69,51,17.0
69,53,5.0
69,54,23.0
69,57,6.0
69,58,83.0
69,65,5.0
69,72,5.0
69,73,11.0
69,79,17.0
69,80,6.0
69,83,17.0
69,137,16.0
69,85,6.0
69,89,6.0
69,93,5.0
69,94,11.0
69,95,6.0
69,97,30.0
69,100,23.0
69,101,16.0
69,104,13.0
69,108,7.0
69,110,47.0
69,135,11.0
70,136,28.0
70,1,7.0
70,2,8.0
70,3,47.0
70,4,27.0
70,7,8.0
70,9,10.0
70,10,11.0
70,26,8.0
70,43,8.0
70,47,8.0
70,49,8.0
70,51,10.0
70,58,9.0
70,75,10.0
70,83,28.0
70,137,7.0
70,97,9.0
70,98,9.0
70,100,19.0
70,101,15.0
70,139,29.0
71,136,5.0
71,1,20.0
71,2,12.0
71,3,13.0
71,4,6.0
71,5,13.0
71,10,7.0
71,13,7.0
71,22,5.0
71,30,6.0
71,37,6.0
71,46,5.0
71,51,13.0
71,57,13.0
71,58,17.0
71,83,5.0
71,137,14.0
71,84,5.0
71,86,13.0
71,95,7.0
71,97,6.0
71,100,46.0
71,101,16.0
71,146,20.0
71,135,13.0
72,136,8.0
72,1,9.0
72,3,9.0
72,5,8.0
72,7,11.0
72,23,10.0
72,37,8.0
72,46,26.0
72,51,17.0
72,53,8.0
72,54,8.0
72,58,15.0
72,59,10.0
72,75,9.0
72,83,9.0
72,84,18.0
72,97,27.0
72,100,18.0
72,101,2.0
72,139,18.0
72,103,12.0
72,104,8.0
72,110,20.0
72,129,9.0
73,136,36.0
73,1,21.0
73,2,5.0
73,3,26.0
73,5,10.0
73,7,2.0
73,14,6.0
73,15,6.0
73,22,4.0
73,23,5.0
73,25,10.0
73,35,5.0
73,37,6.0
73,46,4.0
73,54,10.0
73,57,5.0
73,58,70.0
73,59,5.0
73,66,4.0
73,72,3.0
73,75,9.0
73,79,10.0
73,83,5.0
73,85,4.0
73,86,5.0
73,89,5.0
73,94,10.0
73,95,15.0
73,96,5.0
73,97,6.0
73,100,5.0
73,102,5.0
73,103,4.0
73,109,6.0
73,110,12.0
73,112,4.0
74,136,10.0
74,58,2.0
74,83,11.0
74,95,11.0
75,136,25.0
75,1,24.0
75,2,12.0
75,3,35.0
75,4,5.0
75,5,19.0
75,7,12.0
75,8,12.0
75,9,6.0
75,14,7.0
75,26,11.0
75,28,6.0
75,30,12.0
75,33,6.0
75,38,6.0
75,46,5.0
75,47,5.0
75,51,30.0
75,53,6.0
75,54,29.0
75,57,25.0
75,58,46.0
75,59,18.0
75,60,12.0
75,66,7.0
75,67,6.0
75,68,12.0
75,71,6.0
75,73,11.0
75,76,25.0
75,78,13.0
75,79,11.0
75,80,18.0
75,82,6.0
75,83,6.0
75,137,36.0
75,85,12.0
75,86,36.0
75,87,6.0
75,88,6.0
75,89,11.0
75,91,5.0
75,92,5.0
75,94,12.0
75,95,36.0
75,97,37.0
75,98,12.0
75,100,105.0
75,101,54.0
75,139,36.0
75,109,6.0
75,110,14.0
75,146,6.0
75,128,5.0
75,135,11.0
76,136,22.0
76,1,16.0
76,2,4.0
76,3,16.0
76,5,12.0
76,7,11.0
76,8,5.0
76,13,6.0
76,21,11.0
76,24,4.0
76,26,5.0
76,46,16.0
76,51,16.0
76,54,16.0
76,57,6.0
76,58,21.0
76,61,3.0
76,72,3.0
76,73,5.0
76,74,6.0
76,75,5.0
76,78,5.0
76,79,6.0
76,80,16.0
76,81,5.0
76,83,33.0
76,137,5.0
76,84,5.0
76,88,11.0
76,89,4.0
76,90,11.0
76,95,4.0
76,96,5.0
76,97,38.0
76,98,12.0
76,99,10.0
76,100,39.0
76,101,12.0
76,139,28.0
76,102,4.0
76,103,5.0
76,110,14.0
76,116,6.0
76,117,6.0
76,146,17.0
76,135,11.0
77,57,7.0
77,76,8.0
77,86,6.0
77,94,8.0
78,136,34.0
78,1,11.0
78,2,10.0
78,3,35.0
78,4,10.0
78,5,18.0
78,6,16.0
78,7,29.0
78,10,14.0
78,23,5.0
78,24,5.0
78,25,5.0
78,46,16.0
78,51,6.0
78,53,6.0
78,54,47.0
78,56,6.0
78,57,12.0
78,58,24.0
78,60,6.0
78,63,6.0
78,65,6.0
78,70,6.0
78,71,5.0
78,73,6.0
78,75,7.0
78,79,12.0
78,80,11.0
78,81,5.0
78,83,35.0
78,137,23.0
78,84,6.0
78,85,5.0
78,86,6.0
78,89,6.0
78,90,17.0
78,91,5.0
78,92,6.0
78,94,6.0
78,95,17.0
78,96,11.0
78,97,31.0
78,98,24.0
78,99,5.0
78,100,66.0
78,101,36.0
78,139,17.0
78,102,6.0
78,110,14.0
78,113,7.0
78,146,7.0
78,129,6.0
78,135,17.0
79,136,9.0
79,3,9.0
79,5,10.0
79,6,19.0
79,7,11.0
79,8,9.0
79,15,11.0
79,26,20.0
79,29,10.0
79,43,9.0
79,46,19.0
79,48,11.0
79,51,20.0
79,54,10.0
79,57,10.0
79,58,20.0
79,71,9.0
79,83,10.0
79,93,24.0
79,94,10.0
79,95,24.0
79,97,30.0
79,98,21.0
79,100,30.0
79,101,24.0
79,103,9.0
79,109,9.0
79,146,10.0
80,136,5.0
80,1,29.0
80,2,6.0
80,3,23.0
80,4,5.0
80,5,18.0
80,7,14.0
80,9,27.0
80,11,21.0
80,13,6.0
80,15,7.0
80,18,13.0
80,20,7.0
80,21,12.0
80,23,18.0
80,24,11.0
80,25,6.0
80,26,24.0
80,29,35.0
80,30,18.0
80,34,12.0
80,35,6.0
80,38,6.0
80,43,5.0
80,47,6.0
80,48,23.0
80,49,10.0
80,51,19.0
80,53,12.0
80,54,6.0
80,57,18.0
80,58,32.0
80,60,6.0
80,61,5.0
80,65,18.0
80,66,6.0
80,68,6.0
80,71,5.0
80,76,6.0
80,79,5.0
80,81,25.0
80,82,6.0
80,83,11.0
80,137,30.0
80,84,12.0
80,85,18.0
80,86,7.0
80,89,6.0
80,91,11.0
80,92,18.0
80,94,12.0
80,95,37.0
80,96,12.0
80,97,30.0
80,99,30.0
80,100,74.0
80,101,30.0
80,139,12.0
80,102,11.0
80,103,5.0
80,104,5.0
80,105,12.0
80,108,6.0
80,109,12.0
80,110,30.0
80,111,6.0
80,112,6.0
80,113,6.0
80,115,6.0
80,120,6.0
80,146,6.0
80,122,6.0
80,129,6.0
80,131,6.0
80,134,5.0
80,135,30.0
81,136,5.0
81,1,18.0
81,4,5.0
81,5,12.0
81,6,10.0
81,7,7.0
81,8,18.0
81,9,6.0
81,11,7.0
81,22,13.0
81,23,5.0
81,26,5.0
81,28,12.0
81,29,25.0
81,30,6.0
81,34,6.0
81,46,5.0
81,49,4.0
81,51,6.0
81,54,25.0
81,57,19.0
81,58,12.0
81,80,17.0
81,83,6.0
81,137,6.0
81,88,6.0
81,90,6.0
81,93,5.0
81,94,12.0
81,95,10.0
81,96,17.0
81,97,31.0
81,98,12.0
81,100,74.0
81,101,15.0
81,139,18.0
81,102,6.0
81,103,6.0
81,110,25.0
81,115,7.0
81,124,6.0
81,127,9.0
81,129,6.0
81,135,5.0
82,136,9.0
82,1,12.0
82,2,13.0
82,4,12.0
82,7,7.0
82,8,13.0
82,19,7.0
82,25,7.0
82,29,7.0
82,35,8.0
82,45,7.0
82,51,7.0
82,57,6.0
82,58,20.0
82,79,6.0
82,83,14.0
82,137,6.0
82,85,6.0
82,91,6.0
82,95,6.0
82,96,6.0
82,97,7.0
82,100,20.0
82,101,23.0
82,139,7.0
82,102,7.0
82,117,7.0
82,135,7.0
83,1,45.0
83,2,5.0
83,3,16.0
83,4,11.0
83,5,17.0
83,7,5.0
83,8,6.0
83,17,6.0
83,22,10.0
83,23,5.0
83,25,11.0
83,26,23.0
83,29,21.0
83,30,6.0
83,33,5.0
83,35,11.0
83,36,5.0
83,43,5.0
83,51,6.0
83,54,23.0
83,57,5.0
83,58,11.0
83,60,6.0
83,61,3.0
83,62,5.0
83,71,10.0
83,73,6.0
83,80,17.0
83,81,6.0
83,82,6.0
83,137,29.0
83,84,5.0
83,86,6.0
83,88,6.0
83,89,5.0
83,90,6.0
83,94,18.0
83,95,16.0
83,96,11.0
83,97,28.0
83,98,6.0
83,99,6.0
83,100,68.0
83,101,27.0
83,102,6.0
83,103,6.0
83,105,6.0
83,109,5.0
83,110,11.0
83,111,6.0
83,128,5.0
83,135,11.0
84,136,17.0
84,1,16.0
84,2,4.0
84,3,4.0
84,4,10.0
84,5,10.0
84,6,4.0
84,7,10.0
84,8,10.0
84,26,11.0
84,38,5.0
84,47,4.0
84,48,5.0
84,51,5.0
84,54,5.0
84,56,5.0
84,57,11.0
84,58,12.0
84,63,5.0
84,66,4.0
84,71,11.0
84,79,16.0
84,80,5.0
84,81,4.0
84,83,10.0
84,137,5.0
84,85,16.0
84,86,10.0
84,89,21.0
84,90,11.0
84,92,11.0
84,93,4.0
84,94,17.0
84,95,26.0
84,97,11.0
84,98,11.0
84,100,50.0
84,101,19.0
84,139,21.0
84,102,5.0
84,103,4.0
84,105,5.0
84,106,5.0
84,110,22.0
84,146,11.0
84,131,5.0
84,132,10.0
84,134,6.0
84,135,11.0
85,4,13.0
85,15,15.0
85,46,25.0
85,51,27.0
85,54,13.0
85,57,40.0
85,58,46.0
85,66,13.0
85,79,12.0
85,81,13.0
85,82,13.0
85,137,13.0
85,84,12.0
85,87,13.0
85,97,13.0
85,100,26.0
85,101,10.0
85,116,13.0
86,136,9.0
86,1,31.0
86,2,20.0
86,3,9.0
86,4,4.0
86,5,10.0
86,6,4.0
86,7,16.0
86,8,10.0
86,11,11.0
86,15,5.0
86,20,6.0
86,23,4.0
86,25,4.0
86,26,14.0
86,29,5.0
86,30,5.0
86,34,10.0
86,46,9.0
86,48,5.0
86,49,10.0
86,51,21.0
86,54,14.0
86,57,21.0
86,58,51.0
86,67,5.0
86,71,4.0
86,73,5.0
86,80,4.0
86,81,10.0
86,83,27.0
86,137,26.0
86,84,15.0
86,85,15.0
86,89,21.0
86,90,10.0
86,91,15.0
86,93,9.0
86,94,5.0
86,95,25.0
86,96,5.0
86,97,5.0
86,98,10.0
86,99,5.0
86,100,93.0
86,101,31.0
86,139,15.0
86,102,9.0
86,103,5.0
86,110,5.0
86,111,10.0
86,114,3.0
86,146,72.0
86,124,5.0
86,129,10.0
86,130,5.0
86,135,5.0
87,1,5.0
87,3,4.0
87,4,15.0
87,7,7.0
87,9,6.0
87,25,5.0
87,43,10.0
87,46,4.0
87,48,5.0
87,51,5.0
87,57,5.0
87,58,23.0
87,71,4.0
87,79,4.0
87,80,4.0
87,81,10.0
87,137,9.0
87,84,5.0
87,86,27.0
87,89,15.0
87,95,4.0
87,96,6.0
87,97,10.0
87,98,4.0
87,100,16.0
87,101,12.0
87,139,5.0
87,103,4.0
87,108,5.0
87,122,4.0
87,123,5.0
88,136,34.0
88,1,23.0
88,2,16.0
88,3,10.0
88,4,5.0
88,5,16.0
88,6,5.0
88,7,51.0
88,8,5.0
88,10,12.0
88,26,12.0
88,28,11.0
88,29,6.0
88,31,5.0
88,34,11.0
88,44,6.0
88,46,5.0
88,47,5.0
88,48,5.0
88,51,18.0
88,57,6.0
88,58,42.0
88,64,6.0
88,71,109.0
88,79,10.0
88,80,6.0
88,83,39.0
88,137,30.0
88,84,11.0
88,85,6.0
88,86,11.0
88,87,11.0
88,89,10.0
88,90,6.0
88,91,5.0
88,94,11.0
88,95,16.0
88,96,6.0
88,97,11.0
88,98,30.0
88,99,10.0
88,100,63.0
88,101,25.0
88,139,39.0
88,102,16.0
88,110,17.0
88,146,146.0
88,130,6.0
88,135,29.0
89,136,60.0
89,1,10.0
89,2,19.0
89,3,50.0
89,5,59.0
89,6,8.0
89,7,13.0
89,8,10.0
89,21,10.0
89,23,30.0
89,34,10.0
89,40,10.0
89,44,9.0
89,46,40.0
89,51,20.0
89,52,10.0
89,54,20.0
89,57,20.0
89,58,61.0
89,61,8.0
89,66,9.0
89,71,9.0
89,79,9.0
89,83,30.0
89,137,50.0
89,84,9.0
89,86,31.0
89,88,10.0
89,91,9.0
89,93,9.0
89,95,19.0
89,96,9.0
89,97,20.0
89,98,10.0
89,99,9.0
89,100,81.0
89,101,13.0
89,139,20.0
89,107,20.0
89,109,9.0
89,110,31.0
89,117,10.0
89,146,30.0
89,135,41.0
90,136,74.0
90,1,31.0
90,2,37.0
90,3,67.0
90,4,36.0
90,5,44.0
90,6,17.0
90,7,38.0
90,8,11.0
90,9,6.0
90,10,7.0
90,12,7.0
90,16,14.0
90,21,12.0
90,23,6.0
90,24,5.0
90,25,6.0
90,26,13.0
90,29,18.0
90,30,6.0
90,32,7.0
90,35,6.0
90,37,6.0
90,41,5.0
90,42,6.0
90,43,12.0
90,44,6.0
90,46,6.0
90,47,5.0
90,50,6.0
90,51,50.0
90,53,6.0
90,54,37.0
90,57,26.0
90,58,90.0
90,59,6.0
90,60,11.0
90,62,6.0
90,69,6.0
90,71,18.0
90,73,6.0
90,79,11.0
90,80,38.0
90,81,18.0
90,83,105.0
90,137,42.0
90,84,18.0
90,85,37.0
90,86,12.0
90,87,18.0
90,88,37.0
90,89,92.0
90,91,30.0
90,92,18.0
90,93,5.0
90,94,37.0
90,95,31.0
90,96,18.0
90,97,74.0
90,98,31.0
90,99,5.0
90,100,246.0
90,101,118.0
90,139,91.0
90,102,26.0
90,103,11.0
90,105,6.0
90,106,6.0
90,108,5.0
90,109,24.0
90,110,56.0
90,111,6.0
90,114,4.0
90,116,6.0
90,119,6.0
90,146,111.0
90,123,6.0
90,129,43.0
90,130,6.0
90,131,6.0
90,135,50.0
91,136,20.0
91,1,84.0
91,2,41.0
91,3,84.0
91,4,25.0
91,5,75.0
91,6,15.0
91,7,35.0
91,8,11.0
91,9,18.0
91,11,6.0
91,12,6.0
91,14,6.0
91,18,5.0
91,21,4.0
91,23,5.0
91,24,11.0
91,25,5.0
91,26,11.0
91,28,5.0
91,29,5.0
91,34,5.0
91,37,5.0
91,40,5.0
91,43,5.0
91,44,4.0
91,46,16.0
91,51,43.0
91,53,4.0
91,54,48.0
91,57,16.0
91,58,43.0
91,61,2.0
91,69,5.0
91,71,4.0
91,73,5.0
91,74,5.0
91,75,10.0
91,79,5.0
91,80,32.0
91,81,11.0
91,83,101.0
91,137,53.0
91,84,11.0
91,85,22.0
91,86,36.0
91,87,11.0
91,88,16.0
91,89,69.0
91,90,41.0
91,92,4.0
91,93,3.0
91,94,11.0
91,95,31.0
91,96,10.0
91,97,43.0
91,98,16.0
91,99,4.0
91,100,160.0
91,101,80.0
91,139,69.0
91,102,5.0
91,103,4.0
91,105,5.0
91,108,4.0
91,109,10.0
91,110,70.0
91,146,16.0
91,129,17.0
91,130,5.0
91,131,5.0
91,134,5.0
91,135,42.0
92,136,24.0
92,1,7.0
92,2,35.0
92,3,5.0
92,4,11.0
92,7,6.0
92,8,5.0
92,10,7.0
92,21,6.0
92,22,6.0
92,24,5.0
92,25,7.0
92,26,17.0
92,34,6.0
92,43,11.0
92,47,5.0
92,51,25.0
92,54,17.0
92,58,25.0
92,59,6.0
92,60,6.0
92,65,5.0
92,67,6.0
92,69,11.0
92,71,5.0
92,79,6.0
92,80,6.0
92,82,12.0
92,83,36.0
92,137,24.0
92,84,11.0
92,85,30.0
92,86,18.0
92,89,18.0
92,90,12.0
92,91,35.0
92,94,6.0
92,95,18.0
92,96,6.0
92,97,18.0
92,100,90.0
92,101,26.0
92,139,17.0
92,108,6.0
92,109,12.0
92,110,6.0
92,146,66.0
92,129,36.0
92,135,6.0
93,24,9.0
93,51,9.0
93,57,17.0
93,79,9.0
93,137,9.0
93,96,9.0
93,101,9.0
93,108,10.0
93,110,10.0
94,136,9.0
94,1,60.0
94,2,8.0
94,3,4.0
94,4,8.0
94,5,4.0
94,6,8.0
94,7,24.0
94,8,29.0
94,10,11.0
94,16,10.0
94,20,11.0
94,21,8.0
94,26,7.0
94,29,18.0
94,32,26.0
94,35,8.0
94,41,8.0
94,43,7.0
94,48,7.0
94,49,6.0
94,54,23.0
94,57,16.0
94,58,67.0
94,66,19.0
94,67,9.0
94,78,21.0
94,79,19.0
94,81,8.0
94,82,8.0
94,83,19.0
94,137,8.0
94,89,8.0
94,90,8.0
94,93,7.0
94,95,39.0
94,96,19.0
94,97,28.0
94,98,19.0
94,99,39.0
94,100,66.0
94,101,74.0
94,139,27.0
94,104,8.0
94,105,8.0
94,106,5.0
94,108,19.0
94,109,7.0
94,110,19.0
94,113,8.0
94,129,19.0
94,132,8.0
94,135,8.0
95,136,5.0
95,1,12.0
95,4,13.0
95,5,13.0
95,6,12.0
95,7,12.0
95,17,14.0
95,21,11.0
95,23,11.0
95,26,11.0
95,27,36.0
95,29,11.0
95,30,36.0
95,32,11.0
95,34,12.0
95,37,23.0
95,41,12.0
95,43,10.0
95,51,10.0
95,53,9.0
95,54,41.0
95,57,42.0
95,58,40.0
95,65,27.0
95,79,12.0
95,82,24.0
95,83,49.0
95,137,24.0
95,85,6.0
95,89,6.0
95,90,12.0
95,91,6.0
95,93,25.0
95,94,12.0
95,96,25.0
95,97,90.0
95,98,12.0
95,99,51.0
95,100,50.0
95,101,44.0
95,139,38.0
95,102,12.0
95,104,12.0
95,105,12.0
95,108,12.0
95,110,49.0
95,112,12.0
95,113,11.0
96,3,13.0
96,5,12.0
96,18,16.0
96,29,12.0
96,30,11.0
96,37,12.0
96,58,6.0
96,66,12.0
96,94,12.0
96,97,13.0
96,100,12.0
96,102,12.0
96,104,11.0
96,105,11.0
97,136,32.0
97,1,32.0
97,2,10.0
97,4,10.0
97,6,21.0
97,7,3.0
97,9,13.0
97,27,10.0
97,29,5.0
97,46,7.0
97,51,17.0
97,58,20.0
97,79,10.0
97,80,10.0
97,81,19.0
97,83,10.0
97,137,9.0
97,86,20.0
97,93,10.0
97,94,21.0
97,95,31.0
97,96,5.0
97,98,42.0
97,99,20.0
97,100,86.0
97,101,7.0
97,139,9.0
97,102,11.0
97,103,9.0
98,136,11.0
98,1,12.0
98,2,13.0
98,3,5.0
98,4,12.0
98,6,35.0
98,7,5.0
98,10,15.0
98,16,15.0
98,21,12.0
98,23,10.0
98,24,32.0
98,26,21.0
98,28,21.0
98,29,12.0
98,35,11.0
98,44,12.0
98,46,28.0
98,49,8.0
98,54,39.0
98,57,38.0
98,58,20.0
98,68,13.0
98,74,13.0
98,80,11.0
98,82,12.0
98,83,33.0
98,84,11.0
98,85,22.0
98,86,12.0
98,89,11.0
98,93,22.0
98,94,22.0
98,95,22.0
98,96,35.0
98,97,60.0
98,99,35.0
98,100,94.0
98,101,98.0
98,139,6.0
98,102,13.0
98,103,21.0
98,104,11.0
98,107,22.0
98,110,22.0
98,114,11.0
98,116,12.0
98,130,12.0
98,135,24.0
99,1,8.0
99,2,8.0
99,7,1.0
99,26,7.0
99,29,8.0
99,30,8.0
99,32,7.0
99,57,13.0
99,58,9.0
99,81,7.0
99,83,4.0
99,95,25.0
99,97,9.0
99,98,16.0
99,100,8.0
99,101,21.0
99,139,8.0
99,103,7.0
99,105,8.0
99,110,8.0
99,134,8.0
99,135,17.0
100,101,2.0
101,136,22.0
101,2,21.0
101,5,21.0
101,6,5.0
101,7,4.0
101,10,13.0
101,17,13.0
101,27,10.0
101,47,8.0
101,54,9.0
101,57,7.0
101,58,2.0
101,59,9.0
101,66,10.0
101,68,11.0
101,83,9.0
101,84,5.0
101,89,6.0
101,92,10.0
101,94,11.0
101,96,10.0
101,97,11.0
101,98,60.0
101,99,9.0
101,100,32.0
101,139,10.0
101,105,10.0
101,109,5.0
101,129,10.0
101,134,11.0
102,136,9.0
102,1,8.0
102,3,8.0
102,6,19.0
102,7,9.0
102,28,8.0
102,29,8.0
102,30,8.0
102,32,8.0
102,44,8.0
102,46,6.0
102,47,6.0
102,50,7.0
102,51,7.0
102,53,8.0
102,54,15.0
102,57,7.0
102,58,10.0
102,62,7.0
102,79,8.0
102,137,7.0
102,84,8.0
102,85,8.0
102,86,18.0
102,94,5.0
102,95,8.0
102,96,8.0
102,97,37.0
102,98,36.0
102,99,9.0
102,100,112.0
102,101,28.0
102,139,18.0
102,103,9.0
102,104,7.0
102,109,34.0
102,110,28.0
102,111,8.0
102,116,8.0
102,141,9.0
102,126,8.0
103,1,7.0
103,3,9.0
103,6,6.0
103,7,4.0
103,8,7.0
103,9,12.0
103,18,12.0
103,21,7.0
103,23,5.0
103,24,11.0
103,25,7.0
103,26,13.0
103,29,13.0
103,30,20.0
103,34,7.0
103,47,5.0
103,53,6.0
103,54,11.0
103,57,5.0
103,58,10.0
103,62,5.0
103,71,6.0
103,80,7.0
103,83,12.0
103,95,6.0
103,96,7.0
103,97,27.0
103,98,28.0
103,99,6.0
103,100,7.0
103,101,24.0
103,102,7.0
103,104,5.0
103,107,7.0
103,109,6.0
103,110,20.0
103,113,13.0
103,135,7.0
104,2,5.0
104,7,12.0
104,29,7.0
104,34,13.0
104,57,7.0
104,58,25.0
104,60,5.0
104,80,6.0
104,93,5.0
104,94,7.0
104,96,7.0
104,99,6.0
104,100,6.0
104,101,17.0
104,103,6.0
105,136,5.0
105,1,5.0
105,2,5.0
105,3,6.0
105,4,4.0
105,5,12.0
105,7,2.0
105,8,4.0
105,9,9.0
105,17,10.0
105,18,10.0
105,20,10.0
105,22,5.0
105,24,11.0
105,26,12.0
105,28,6.0
105,29,12.0
105,30,17.0
105,34,5.0
105,44,5.0
105,46,4.0
105,48,4.0
105,57,16.0
105,58,18.0
105,73,4.0
105,80,12.0
105,83,13.0
105,137,4.0
105,88,5.0
105,89,6.0
105,94,18.0
105,95,17.0
105,96,6.0
105,97,13.0
105,98,13.0
105,99,25.0
105,100,25.0
105,101,19.0
105,102,4.0
105,103,4.0
105,104,5.0
105,110,30.0
105,113,12.0
105,117,6.0
105,134,6.0
106,136,9.0
106,1,25.0
106,2,8.0
106,3,8.0
106,5,10.0
106,6,8.0
106,7,24.0
106,8,9.0
106,9,15.0
106,10,16.0
106,18,16.0
106,24,8.0
106,29,8.0
106,30,9.0
106,37,9.0
106,48,8.0
106,54,24.0
106,57,8.0
106,58,48.0
106,66,9.0
106,79,17.0
106,83,8.0
106,137,9.0
106,89,9.0
106,93,8.0
106,94,10.0
106,95,25.0
106,97,27.0
106,98,44.0
106,99,64.0
106,100,35.0
106,101,24.0
106,139,19.0
106,105,9.0
106,108,9.0
106,109,7.0
106,110,26.0
106,117,9.0
106,120,8.0
106,146,9.0
106,129,8.0
106,132,9.0
107,136,4.0
107,1,14.0
107,2,27.0
107,3,13.0
107,5,14.0
107,6,6.0
107,7,14.0
107,8,7.0
107,9,11.0
107,11,6.0
107,16,5.0
107,21,7.0
107,22,6.0
107,24,6.0
107,25,5.0
107,26,6.0
107,29,27.0
107,31,5.0
107,38,6.0
107,41,7.0
107,46,5.0
107,48,5.0
107,54,19.0
107,57,11.0
107,58,9.0
107,68,7.0
107,76,6.0
107,79,5.0
107,82,7.0
107,83,6.0
107,137,7.0
107,86,12.0
107,90,7.0
107,94,7.0
107,95,6.0
107,96,14.0
107,97,13.0
107,98,21.0
107,99,35.0
107,100,13.0
107,101,12.0
107,103,6.0
107,104,13.0
107,105,20.0
107,108,7.0
107,109,5.0
107,110,38.0
107,111,7.0
107,112,6.0
107,113,14.0
107,114,4.0
107,116,26.0
107,135,14.0
108,136,12.0
108,1,7.0
108,3,7.0
108,5,7.0
108,6,13.0
108,7,9.0
108,8,14.0
108,9,36.0
108,11,11.0
108,17,5.0
108,21,7.0
108,23,5.0
108,24,7.0
108,25,6.0
108,26,26.0
108,28,13.0
108,29,13.0
108,34,13.0
108,37,7.0
108,48,5.0
108,49,5.0
108,51,6.0
108,53,6.0
108,54,25.0
108,57,18.0
108,58,47.0
108,66,6.0
108,80,5.0
108,81,5.0
108,83,7.0
108,85,6.0
108,89,6.0
108,93,13.0
108,94,14.0
108,95,40.0
108,96,7.0
108,97,21.0
108,98,20.0
108,99,6.0
108,100,35.0
108,101,17.0
108,139,7.0
108,102,7.0
108,103,5.0
108,104,6.0
108,107,6.0
108,110,27.0
108,113,13.0
108,114,4.0
108,129,7.0
108,135,28.0
109,1,5.0
109,3,12.0
109,5,6.0
109,7,3.0
109,8,4.0
109,10,10.0
109,17,9.0
109,29,5.0
109,30,6.0
109,51,5.0
109,58,11.0
109,68,5.0
109,83,12.0
109,89,6.0
109,93,9.0
109,96,5.0
109,97,19.0
109,100,18.0
109,101,15.0
109,139,13.0
109,105,5.0
109,108,6.0
109,110,23.0
110,136,6.0
110,1,6.0
110,2,5.0
110,3,13.0
110,4,13.0
110,5,21.0
110,7,6.0
110,8,13.0
110,10,24.0
110,21,5.0
110,24,7.0
110,25,5.0
110,26,13.0
110,28,7.0
110,29,5.0
110,30,13.0
110,34,6.0
110,46,5.0
110,47,7.0
110,51,6.0
110,57,6.0
110,58,41.0
110,79,6.0
110,80,19.0
110,81,12.0
110,83,27.0
110,137,13.0
110,85,7.0
110,86,6.0
110,95,6.0
110,96,14.0
110,97,6.0
110,98,21.0
110,99,13.0
110,100,40.0
110,101,45.0
110,139,11.0
110,102,7.0
110,103,7.0
110,105,6.0
110,108,7.0
110,113,14.0
110,146,7.0
110,128,5.0
110,132,13.0
110,135,5.0
111,136,31.0
111,1,50.0
111,2,13.0
111,3,32.0
111,4,25.0
111,5,50.0
111,6,12.0
111,7,20.0
111,8,45.0
111,10,34.0
111,13,12.0
111,17,11.0
111,18,22.0
111,25,7.0
111,26,5.0
111,29,7.0
111,30,5.0
111,34,24.0
111,43,7.0
111,46,16.0
111,54,5.0
111,57,29.0
111,58,107.0
111,65,6.0
111,73,5.0
111,75,7.0
111,79,18.0
111,80,19.0
111,83,6.0
111,137,19.0
111,86,6.0
111,89,6.0
111,94,25.0
111,95,13.0
111,97,7.0
111,98,19.0
111,99,7.0
111,100,65.0
111,101,43.0
111,139,19.0
111,103,5.0
111,104,30.0
111,107,7.0
111,108,23.0
111,110,55.0
111,112,6.0
111,113,12.0
111,116,7.0
111,122,5.0
111,129,7.0
111,130,6.0
111,135,13.0
112,136,17.0
112,1,31.0
112,2,5.0
112,3,13.0
112,4,24.0
112,5,5.0
112,6,5.0
112,7,7.0
112,8,5.0
112,9,21.0
112,10,22.0
112,11,22.0
112,12,10.0
112,13,22.0
112,18,10.0
112,23,5.0
112,24,5.0
112,25,5.0
112,26,4.0
112,28,6.0
112,29,4.0
112,32,5.0
112,33,5.0
112,47,5.0
112,48,10.0
112,51,22.0
112,54,5.0
112,57,17.0
112,58,31.0
112,71,5.0
112,80,6.0
112,81,12.0
112,137,5.0
112,84,12.0
112,86,5.0
112,90,5.0
112,92,6.0
112,93,10.0
112,95,19.0
112,96,13.0
112,97,5.0
112,98,13.0
112,99,30.0
112,100,38.0
112,101,22.0
112,139,5.0
112,102,4.0
112,103,11.0
112,105,5.0
112,107,12.0
112,109,17.0
112,110,36.0
112,111,6.0
112,113,6.0
112,115,5.0
112,116,12.0
112,141,6.0
112,132,5.0
113,136,30.0
113,1,30.0
113,2,13.0
113,3,23.0
113,4,17.0
113,5,4.0
113,6,24.0
113,7,4.0
113,8,13.0
113,9,21.0
113,13,31.0
113,18,10.0
113,22,6.0
113,23,5.0
113,25,6.0
113,26,23.0
113,27,6.0
113,28,5.0
113,29,12.0
113,30,6.0
113,34,29.0
113,37,5.0
113,42,6.0
113,44,5.0
113,51,5.0
113,53,4.0
113,54,21.0
113,57,4.0
113,58,15.0
113,79,11.0
113,80,27.0
113,83,5.0
113,137,18.0
113,84,4.0
113,85,6.0
113,87,5.0
113,93,16.0
113,94,6.0
113,95,18.0
113,96,12.0
113,97,43.0
113,98,18.0
113,99,18.0
113,100,48.0
113,101,21.0
113,139,4.0
113,104,11.0
113,105,18.0
113,107,12.0
113,108,6.0
113,109,17.0
113,110,23.0
113,114,3.0
113,117,12.0
113,146,6.0
113,121,11.0
113,122,5.0
113,129,6.0
113,130,5.0
113,134,6.0
113,135,5.0
114,136,4.0
114,4,5.0
114,5,5.0
114,6,5.0
114,7,2.0
114,15,10.0
114,57,12.0
114,58,10.0
114,100,6.0
114,101,6.0
114,106,5.0
114,108,5.0
114,110,4.0
114,135,5.0
115,1,28.0
115,5,5.0
115,8,13.0
115,17,11.0
115,21,6.0
115,24,6.0
115,28,6.0
115,29,6.0
115,34,7.0
115,48,5.0
115,54,5.0
115,57,5.0
115,58,6.0
115,79,12.0
115,83,7.0
115,94,6.0
115,95,6.0
115,98,6.0
115,101,4.0
115,102,7.0
115,105,7.0
115,108,6.0
115,110,28.0
115,112,6.0
115,116,7.0
115,117,6.0
115,132,5.0
116,136,18.0
116,1,31.0
116,2,11.0
116,3,42.0
116,5,42.0
116,7,27.0
116,8,5.0
116,10,32.0
116,23,6.0
116,25,5.0
116,26,46.0
116,29,18.0
116,30,6.0
116,32,5.0
116,37,6.0
116,38,4.0
116,48,4.0
116,51,11.0
116,54,16.0
116,57,22.0
116,58,31.0
116,73,12.0
116,76,5.0
116,79,5.0
116,80,12.0
116,81,6.0
116,83,22.0
116,137,35.0
116,86,12.0
116,87,6.0
116,89,4.0
116,90,6.0
116,93,11.0
116,94,6.0
116,95,5.0
116,96,6.0
116,97,49.0
116,98,24.0
116,99,18.0
116,100,67.0
116,101,49.0
116,103,5.0
116,105,12.0
116,108,5.0
116,109,4.0
116,110,94.0
116,113,5.0
116,117,6.0
116,119,5.0
116,146,5.0
116,122,5.0
116,134,12.0
116,135,12.0
117,96,15.0
117,99,14.0
117,105,15.0
117,134,13.0
118,2,7.0
118,20,12.0
118,27,6.0
118,57,5.0
118,58,3.0
118,63,6.0
118,90,5.0
118,91,6.0
118,98,7.0
118,139,13.0
118,104,5.0
118,135,6.0
119,5,6.0
119,7,1.0
119,97,7.0
119,101,3.0
119,134,7.0
120,1,13.0
120,2,48.0
120,4,9.0
120,9,22.0
120,11,21.0
120,13,22.0
120,26,12.0
120,30,12.0
120,32,12.0
120,51,33.0
120,54,11.0
120,58,4.0
120,137,12.0
120,97,13.0
120,98,13.0
120,101,5.0
120,103,12.0
120,110,12.0
120,112,11.0
120,113,12.0
120,135,13.0
121,101,6.0
122,101,6.0
123,7,12.0
123,58,8.0
123,101,2.0
124,101,5.0
125,58,4.0
125,101,5.0
126,58,4.0
127,58,17.0
128,58,11.0
128,101,3.0
129,7,6.0
129,58,25.0
129,101,15.0
130,101,1.0
131,101,3.0
132,58,30.0
132,101,7.0
133,101,3.0
134,7,5.0
134,58,10.0
134,101,6.0
135,134,38.0
